"","PC1","PC2","PC3","PC4","PC5","PC6","PC7","PC8","PC9","PC10","PC11","PC12","PC13","PC14","PC15","PC16","PC17","PC18","PC19","PC20","PC21","PC22","PC23","PC24","PC25","PC26","PC27","PC28","PC29","PC30","PC31","PC32","PC33","PC34","PC35","PC36","PC37","PC38","PC39","PC40","PC41","PC42","PC43","PC44","PC45","PC46","PC47","PC48","PC49"
"Flow.Duration",0.205280879121689,-0.235021576319745,0.0191384249437265,-0.0337248700435557,0.0237202598845526,-0.043168407088522,0.00899204338442077,-0.0182266612137187,0.106333106995322,-0.123956699824511,0.0482376907690694,-0.00433721363283783,-0.0547212125692525,0.134496005987376,-0.0279523580468564,-0.0417919186648104,-0.0129814599187734,0.285786202464909,0.185039417109848,-0.196234755508451,0.0167864741700087,0.116970937165307,0.132833883925393,-0.0735228556371769,-0.114447929929668,0.0405082998889889,0.160026171830466,-0.295525182664224,-0.0168421684259643,-0.18773456578429,0.219238380992777,-0.236290936893851,-0.0108527865976334,0.213422781832664,0.0366025265270439,0.0706159713105889,-0.438116725434065,-0.145462809858818,-0.0694950774150804,-0.216603453979102,0.215580849716306,0.0226024073098311,0.132038869205612,0.0103632089610512,0.00539855972814385,0.0151328448279168,0.0728268749571952,0.00183535378444481,1.05817811711661e-12
"Tot.Fwd.Pkts",0.0349208886740829,0.0190896599558279,0.000489170642602212,-0.498034914098836,-0.0891255324047073,-0.0214261796382633,-0.00360451660807232,0.0206502819806434,-0.0237999726190893,0.00465665857687688,-0.0154700462907077,-0.146638539469543,0.0105386846596412,-0.0278473178392266,0.0450920910236518,0.00311708958127294,0.0118288554821829,0.007414263629115,0.00309784341029487,-0.000391174028296404,-0.0115217601638179,0.00659677947399275,0.010427772681729,-0.192563204421041,0.0845510898330807,-0.0369722294373897,-0.019475341586163,0.019898551522112,0.00360194414432861,0.00441884962512681,-0.00163479254771992,0.00462227906930519,-0.000924686451570084,0.00432745210766737,-0.000200102818908986,-0.00551871351644507,-0.00753690879405788,-0.00381982759440665,0.0347424078020967,-0.00845296653578549,-0.0316518774023575,0.00245679738918404,-0.0567638966670722,0.505482462893956,-0.205467840353376,-0.588525723878026,0.13848519302911,-0.0213849947761093,4.13574630213565e-13
"Tot.Bwd.Pkts",0.0312986208803995,0.0181834327342561,0.00218538091822135,-0.493431675576574,-0.0851618332601934,-0.0209069032471219,-0.000742709733806877,0.0218947525583955,-0.0265933462893512,-0.00282030271899253,-0.0335725824509074,-0.214369640083063,-0.0230298795650521,-0.0560876265994927,-0.0135758573601095,-0.00254297388523148,-0.00330178734806952,0.00962531951851686,-0.0136124092285713,0.00453972381538242,-0.0160030864123984,-0.00111777191248386,0.00965447352866043,-0.158687560083382,0.0726986279509228,-0.0227035462815037,-0.0306512554774712,0.0214868614491354,0.00356720506382512,0.00406440819445342,-0.0112339631638733,0.00746475368645405,0.00404530500871496,-0.00338580666928764,-0.00843601035141257,0.00513223159026162,7.46413171376359e-06,0.00670740887363071,-0.0709475080536009,0.0088437226571545,0.00208188672459747,0.0316976388449403,0.0707843625738283,-0.627306940669697,0.480799811143279,-0.161617328446713,-0.00307668655264332,0.00294802806970561,-1.65997387124214e-14
"TotLen.Fwd.Pkts",0.014563338648829,0.00938029920820904,-0.0238440354697508,-0.200296032256811,-0.0482181787705799,-0.011672465936202,-0.0334240522233521,-0.00357668208548812,0.00409841096672436,0.105399065936498,0.132303900359942,0.576735684195141,0.310176485418316,0.22038157364827,0.53413100962493,0.103757159376765,0.139951692110725,-0.0737279526001841,0.111511585362458,-0.0254735121467653,-0.00457483190582705,0.0476198709631292,-0.0113696728102189,-0.266959042995054,0.0962616207220044,-0.0715648534167214,-0.0166527917553368,0.0157722792704296,0.0122713838789134,0.0194497907120105,0.0130584290323141,-0.00291334139595889,-0.00304187557946278,0.00400117791531802,-0.0114239654571224,0.00745649456486294,-0.000566923028083421,-0.00690793965307221,0.0629090245570888,-0.0173147703268788,0.0130449896547439,-0.0117161544335857,0.00422591655924157,-0.0452863821238693,0.00173774963674455,0.135114961981808,-0.02736234696341,0.00388495370993606,-1.68468354268744e-13
"TotLen.Bwd.Pkts",0.0292679381280097,0.0172057015414665,0.00375136441384166,-0.481445768568466,-0.0810079529040027,-0.0189545897345116,0.00210130140771481,0.0249698049067545,-0.0299269511408081,-0.0166381369966988,-0.0455110373402191,-0.309540855344681,-0.0344442765039911,-0.0818747122703059,-0.0107064466260861,-0.00523150537331019,-0.00817625027970923,0.0191885956402235,-0.0147516733636348,0.00115677415772311,-0.00780996067719174,-0.00992416525105956,0.00566472182045775,-0.0851501388239002,0.0420872544864994,-0.00944551551186541,-0.0217268579124169,0.0153936988607631,0.00358151847118931,0.0016726132876162,-0.0108962391993977,0.0077827906204307,0.00244678665145475,-0.00190349161420968,0.010568434749764,0.000190195417813548,-0.000829669848552872,4.92768994607151e-05,0.0287276517691879,0.00230144944876441,0.0317408514339395,-0.0287855980832575,-0.0163014926500659,0.13452535673427,-0.279418258449349,0.724727807293275,-0.129514117408948,0.0176540356962854,-3.81820512326068e-13
"Fwd.Pkt.Len.Max",0.121338376846598,0.034532290122437,-0.360522456649654,0.0198774345964718,-0.0750074029840213,-0.056233708849431,-0.249430074394858,-0.0197180390382594,0.0391066424607811,0.221758958381443,0.146900816760304,0.000293938019603241,-0.0478028970830334,-0.0774351292399853,0.0383345590479131,-0.0618115490608194,-0.0654582862128331,0.111083431344747,-0.0549846511589664,-0.0163632171802197,-0.00251223114420421,-0.00314684312240339,0.118957161418621,0.028374445960414,0.0512657844609823,0.0272592265864172,0.00257548615370606,-0.0486750865689149,-0.112516237698816,0.0780715454975643,0.0697131816393563,0.0581892083424597,-0.141971813393935,0.0456685295759539,-0.637638350216377,0.146429412804725,0.0885306780102554,-0.0973364817141745,-0.382977019505294,0.105228234056366,0.0100941464345263,-0.0182495862429193,-0.0178162164664324,0.0480509405858529,0.00420992312987233,0.0167796082048626,-0.0118641280323117,-0.00184814381876517,-1.31967218760872e-12
"Fwd.Pkt.Len.Min",0.0116250765351911,0.0259802794409768,-0.412364766480857,0.00206827866073653,0.0221397709920958,0.0259079994996269,-0.187736914736665,-0.190448673209963,0.112942136094812,-0.0689290078467533,-0.0812079012630922,-0.0561569754572647,0.096881099102976,0.0218100196005377,-0.0416920446102733,0.0109346146825271,0.00335170563629886,-0.066191288778346,-0.240014712424972,-0.081086061900804,-0.0183035675880061,-0.0128701450068071,0.0636475415305179,-0.070615629523035,-0.0343848167490705,0.284613229261217,0.161679638409475,0.020447756134927,-0.00260736083591337,0.0198644695535037,-0.0530001126768827,0.0278182032043739,-0.0629014046919523,0.0129688050445435,-0.0914032870687401,0.10547640142629,0.0057993382014884,-0.0398073120675415,0.666638926088787,-0.177665352001983,0.0794552318977348,-0.0919892131082788,-0.00521705498113197,-0.0261304049397121,0.0629654826252062,-0.00956067706485442,0.0052028814990169,-0.0766990235851542,-9.15823972192376e-13
"Fwd.Pkt.Len.Std",0.142461985100988,0.0111486361312383,-0.0714568184408156,0.0538771273136948,-0.14350609544874,-0.117036869584955,-0.158530050616177,0.179383426819673,-0.0826169334038581,0.429624829402581,0.284452922417271,0.000125599622706505,-0.19986968704289,-0.178747454825792,0.0576935454090724,-0.11975303560899,-0.104275673463512,0.236933112650604,0.150117917015855,0.107025144660469,-0.00989520495078026,-0.00917797457915599,0.0790780372747674,0.151905015159559,0.109559906003375,-0.25815896668857,-0.284944083587842,-0.0417232425873551,-0.0883330433776908,-0.0627220787966315,-0.0289940404171282,-0.0253619681298176,0.060969662769434,-0.0247552140155221,0.213334637131986,-0.0120818827277956,-0.0103981376545783,-0.00430923924443513,0.383221719739605,-0.0873942359392817,0.0478494527040376,-0.0611145283614678,-0.00514738574796275,-0.0136858948497998,0.042829816896362,-0.00765493927019432,0.00470332003796427,0.00234956059135153,-4.71312609189064e-13
"Bwd.Pkt.Len.Max",0.253853338687325,0.178078530665974,0.064647789314701,0.0194119992591806,0.10957991115535,0.0937199411166694,0.0503635033842348,0.159322463586174,-0.137612502678432,-0.00310068018853946,-0.0155570516357768,-0.0302252080881518,0.0488683517781245,0.0484130271539381,-0.0336977391824292,-0.035194594205702,0.096419945027792,-0.0105532972274918,0.0485220314252437,0.114204912927676,-0.187292424221036,0.0688552354545494,-0.0394891062625048,-0.0354989472490208,-0.0438601816612898,0.0690701689196255,0.0399585805929814,-0.142599213701786,0.0512841017589787,0.0477072829113428,-0.00942374760867476,0.081376538277374,-0.308407344529721,-0.0236832227405667,-0.0570528717600996,-0.389170790931045,-0.0528320751227716,0.0168931723859566,0.0392327655144341,0.0928344772630099,0.147344043094247,-0.247457855770854,-0.0420460100247927,0.330802467749889,0.495472177566841,0.103337566711651,-0.0410362175790078,-0.00808850827271619,-6.5789414075772e-12
"Bwd.Pkt.Len.Min",-0.132863547217264,-0.0292908664155432,0.0212899902690973,-0.0605917104029429,0.330099168580361,-0.00547320032495452,-0.0760212446460313,0.111312035637769,-0.0521157436019606,0.104065483122708,0.0888561224595265,-0.00448422592329971,0.104748737407414,-0.0262024514578373,-0.0178011865942127,-0.102353932824573,-0.145668034978498,0.233159884211265,-0.0456369224435757,0.155839950813844,0.305816531282788,0.313321842590258,-0.55503134291421,-0.139524768054931,-0.0858920360793695,0.259211579999296,-0.0242655300164485,-0.155752683333713,-0.202650641669107,0.0372476428192125,-0.139684671856582,-0.00966464674646295,0.0835393661608693,-0.00621111935118784,-0.00529812624878473,0.0641909805824537,0.0173583204286297,0.00633671773081533,-0.00405766202087373,0.0424873672405386,0.0460079354884101,-0.0661110204120991,-0.0017492636464031,-0.0222065954014793,-0.0324958712801944,-0.0129975871249246,0.00685907370510403,0.0453134683520994,-1.80982295100939e-13
"Bwd.Pkt.Len.Std",0.249751102237662,0.165071134710787,0.057868364760358,0.0491998487018542,0.0448156398544933,0.0821973669703911,0.0540882399402123,0.157048518948044,-0.163978200536425,0.02096839929365,-0.0278276061553254,-0.0559620385175332,0.0710330416501908,0.0858559677272588,-0.0346177061292147,-0.00607122840546271,0.162259858417396,-0.0809787454209173,0.000270498756912721,0.133082407408305,-0.324212127916266,0.013893735036311,0.033455055810632,-0.0317581599047451,-0.0339203960763876,0.104318903320587,-0.0555359998717453,-0.10972916048153,0.102583676691663,-0.0244197599906952,-0.073693701632575,-0.0069357226123139,0.0842946436252129,0.0135005776340214,0.11943300295162,0.633979198137821,0.0606828775413122,-0.113808314354931,-0.039132156291957,0.178810502345273,0.184102428326286,-0.273782980906172,-0.0280623505728069,-0.106346741526477,-0.151656282122201,-0.056804089093268,0.0198041533775965,0.0197499588922016,1.77609268914621e-12
"Flow.Byts.s",-0.00328669414553782,0.0156468419044216,-0.336844689203746,-0.000393660183139216,0.0295812542499484,-0.0957066437358897,0.226904442676342,-0.0751801647684118,0.052430145481204,-0.0100103403522083,-0.0750383980432015,-0.0389498766042381,0.00121894836359421,0.11201989141707,0.024599989713066,0.0578296663027775,-0.0920272967170266,0.0448206892672346,-0.174076909043553,0.154827142815076,-0.143422164144016,0.050921927845857,-0.153388509232787,-0.15039635032461,-0.597340015876318,-0.538275369551181,-0.10145551472107,-0.00836349689702953,0.0157191774806022,0.00948599781115064,0.0307454932079961,-0.0133540234059327,-0.00831068278107246,-0.00337188235951463,0.00331566292135073,0.00221233981242909,-0.00113846898137844,-0.00423072228759384,-0.00685298231205837,-0.00119667535026484,-0.00197515529751524,0.0002419580849409,-0.000378373567538615,-8.50393211178357e-05,-0.000491020251769481,0.000149619739782328,-0.000420503484984652,-0.00102053660417659,-5.17614940131076e-13
"Flow.Pkts.s",-0.021822912562164,-0.00381605413048819,-0.211560399561169,-0.00105387896649312,0.0122949903758675,-0.141486567450706,0.526244999222876,0.126060952795114,-0.0025482133015766,0.0377884249731512,0.107978642066098,0.0320547323438778,0.0561135352617053,-0.128828195464433,0.000213016099724135,-0.0656006520890258,-0.0163020203143777,0.0102230894474915,-0.0204361038273183,-0.120961449508797,-0.0154246485511071,0.0237180246077672,0.0158507124447439,0.0345924852964294,0.132132695799326,0.124676796762004,0.0326207864852087,0.0142506644712191,0.00460244765619979,-0.010023598593084,-0.00345159028478442,0.00373783531315111,-0.000850531272111804,0.000984621708214506,-0.00303453109396076,0.000747349140361085,-0.000475665239672241,0.000700994525275448,0.00215332852060397,0.000707587331547757,0.000392946873158995,-0.000450834811801316,7.63827689502505e-06,-8.30143374404065e-05,8.27614886688369e-05,-1.99333123137996e-05,3.82054999418235e-05,0.000216919805463188,0.742617992070324
"Flow.IAT.Mean",0.0487059135026427,-0.231218422114859,-0.0537204528725554,-0.00586625688293785,-0.0770291842464357,0.403419370598796,0.0902989366195754,0.0431291697990465,0.0508304369909961,0.114132760614044,-0.00881505922830883,-0.0253228021677978,-0.103178242401075,0.110447764083502,0.016956250072991,0.0292468026318209,-0.0109200731687824,0.0514883955812324,0.057332444300227,-0.0665123273713655,-0.0399890634011776,0.141978391796184,0.0151364969377194,-0.0167156912925993,-0.0864763339716277,0.128338627120847,-0.144070724143421,0.204974932361078,0.0175743630570635,0.0499076677691966,-0.0352522420298675,-0.0983980103542297,-0.0640743394238897,0.204538759602131,0.0289739788986643,-0.0305963193867297,0.236028937344658,0.100705109748664,-0.0199309070946055,-0.0589645733776647,0.255521181204465,0.131563330619903,-0.00182155533134573,0.0211729084660699,-0.0331008062330611,-0.131119380507806,-0.608338124735714,0.0136322337994051,2.22097907211432e-12
"Flow.IAT.Std",0.191407117648191,-0.272695222245723,0.0327598150387353,0.0110042373800704,0.0522756523431384,-0.11812821881867,-0.00376957477707834,-0.0336855194827185,-0.0352939629213598,-0.0871410406389732,-0.0171950418706706,0.00641727610424351,0.089570639544177,-0.0172604437664025,0.0163623035900665,0.0117361000891026,0.0286664761933079,0.019625983799996,-0.197050492360829,0.0850166420941985,0.00792808150812378,-0.176333428045768,-0.0942227932255478,-0.00815576483392239,0.0584398337219811,0.0852657868407179,-0.26244301494405,-0.0152981355512101,-0.024263037782844,-0.116756071669104,0.282957642971214,0.0696512875060653,-0.108116966341638,0.445710637269377,0.0895445363206858,-0.0280722155210893,0.453059516079064,0.166041872919462,-0.0389008411585578,-0.123656988762033,0.0343843458451435,-0.0397276137419337,0.0666115291611672,0.0109405561697797,0.0259105968377611,0.0648118991820476,0.323692983032015,-0.00368860391275712,-1.11016780626339e-12
"Flow.IAT.Max",0.216335444314182,-0.257592976971625,0.0182025856045552,-0.0109116951501592,0.0450873868646446,0.0371855385847903,0.0257467665483113,0.0645114256199087,0.221694055269686,-0.0441159118407635,0.00184816853602479,0.000237991309816938,-0.0241945115502579,0.080381800223918,0.00634225513297973,-0.0183791039175098,0.00212426590511904,0.113967108952056,-0.00724865219411448,-0.0561967235157402,0.0670424539506387,-0.0485655037503448,0.0117506393975951,-0.00971633987041041,-0.0131506980028278,0.00296089047160347,-0.0656849333832663,-0.0848760692189755,0.122424921467578,0.0825987096309893,-0.0726234449123674,0.445286391609913,0.0933475933520783,0.268502038668229,0.0154366715075737,-0.0285318439607501,-0.183227677698635,-0.166910704653131,0.124494044674082,0.352675324252328,-0.397502039832274,-0.0444933695555294,-0.310384681465379,-0.0563428594773619,-0.0131476069512659,-0.0148315405360158,-0.127128878449676,-0.00724670757946087,-7.34859038732546e-13
"Flow.IAT.Min",-0.00294063453394177,-0.146108076958775,-0.0653674070455019,-0.0113283563478008,-0.0822220899512642,0.457875400779276,0.0927452050746899,0.0842410622647672,0.123735962222317,0.17026516573481,-0.00470977506687366,-0.0355500846202414,-0.139870021687449,0.130165268055024,0.00792965662224402,0.0216649404265758,-0.0108478475407993,0.032078423178733,0.132893812976216,-0.0970711180255781,-0.0409876129416477,0.205301807914161,0.0505055663135396,-0.00343689805538003,-0.0991947756924265,0.0760519480365005,-0.0339138331517476,0.229576013997424,0.0575453645694998,0.155701168548425,-0.222699245986463,-0.0569655473592331,0.0219123764053324,-0.0348360794890287,-0.0311054528129346,-0.00826726338867752,0.0222284773150926,0.0291464698334422,-0.029331667388524,-0.0588156534450247,-0.134530394671724,-0.105259377049943,0.0601403277518849,-0.0027525069091417,0.034901155536652,0.127378923052519,0.61341342457309,-0.00993362033726669,-2.14605935287569e-12
"Fwd.IAT.Mean",0.10398520612136,-0.294444994955369,-0.0279785299082099,-0.00621510212678328,-0.00531703479173834,0.269584307766589,0.0752647521053238,-0.0361453113865818,-0.0590860137612215,0.0922423409977002,-0.0458232133773376,0.00534141850193421,-3.54036657382317e-06,-0.0443339734220798,0.0334232185342,0.0385954575075343,-0.0028814891667571,-0.0732949541057304,-0.16423635162959,0.0955989376543122,0.0119023875380246,-0.118313457115363,-0.111500665790473,0.00975100777049462,0.106837975662213,-0.0266166947912878,0.0285711792390383,-0.103524929226755,-0.106725818793078,-0.133487174945937,0.265274229817213,-0.0830159047494251,-0.0290032865457868,-0.40500849612539,-0.011724979789026,0.00971726533367866,-0.0758756003887875,-0.0233264704783714,0.0214364500102676,0.0770643059692378,0.222931088570517,0.211739272490613,-0.557816919834776,-0.0520515450209817,0.0105753336215008,0.0243875693000838,0.133977566441019,-0.0119135660089219,-2.07134667175898e-12
"Fwd.IAT.Std",0.188206021207316,-0.212853372241809,0.0394550539237415,0.0139909135652384,0.0511891700214492,-0.1920338190635,-0.0363044626112873,0.116780344720833,0.232062914179495,-0.115560583878,-0.0343508900013176,-0.03589050374229,0.0908142620327311,0.133080773303136,-0.0225449707544151,0.0102313697000646,0.0374836592704959,0.0520855774008061,-0.0328861506555987,-0.0137536864272658,-0.0649463139122529,0.00332464258151177,-0.0215956864435925,0.0018104756734244,-0.0340444630201336,0.187925847285891,-0.426254038369415,0.258183637404918,-0.0607165756606195,-0.017935379296509,0.176606051898879,-0.00635747480786086,-0.049266483227897,-0.536599227340437,-0.0581259463211614,0.00820521420633152,-0.100195621105125,-0.0455508474079457,0.0118209748530122,0.0332128419269124,-0.115504204218982,-0.0884668548273872,0.312709059046884,0.0322089380771648,-0.0122824953191664,-0.0209928965147429,-0.0942402150785345,0.00589167314371275,1.40258106251534e-12
"Fwd.IAT.Min",0.0403336682648096,-0.219919203593823,-0.0460653082783365,-0.0141560874117237,-0.0188668731881425,0.382659100893011,0.0988285518950663,-0.0780597019326385,-0.129306445818092,0.159291998392763,-0.0265613078547843,0.0223851859969518,-0.047883002879802,-0.113412086281384,0.049728350473342,0.0229177115126266,-0.0116463801336399,-0.106631410040077,-0.172250463345384,0.119953733767439,0.0644205248811226,-0.154473667061225,-0.112389515757059,0.0180310454485176,0.145791853909064,-0.149106701249435,0.236842909737984,-0.24453477698107,-0.0329479884097834,-0.0834659495483702,0.117450169835983,0.134138331283737,0.0499505564241946,-0.0889896207101488,0.00909585697910147,0.0360026291603923,-0.054009629154237,-0.0374446368913945,0.00437553458247654,-0.0194854708428798,-0.221873119989043,-0.203772762969226,0.546508384254117,0.0483027073702129,-0.0112106195977644,-0.0248949089925206,-0.136843006406843,0.00982967718840111,2.19141341358418e-12
"Bwd.IAT.Tot",0.196954682824348,-0.22180385387861,0.0179856624357044,-0.0409906727067889,0.0990922963081316,-0.185577940230978,-0.0442192262813192,-0.0168589786811836,0.0230533156144003,-0.0395976204899273,-0.00510942611164197,0.0137565071646856,-0.0517725933363092,-0.0411933693436142,-0.0258440152493822,-0.0129426036567248,-0.0561273535394517,-0.0267711432362895,0.261967291284953,-0.106007941910873,-0.0474916212007096,0.255078122152905,0.165052989391114,-0.0390846270475267,-0.109791306632003,-0.0611538176561424,0.392521585219509,-0.147033158519663,-0.103809516235638,-0.0378219144970368,0.0274497628745329,-0.164087893969411,0.0162355798245429,-0.229273826193546,0.0574675165005043,0.0058417206164238,0.519132209280294,0.127141807861675,0.0718243753071626,0.133350345216514,-0.247357332714983,-0.09626520726139,-0.0734948541528428,-0.0163363861834653,0.00386231091736366,-0.00452091181935352,-0.062128590220331,-0.00149975279004474,-5.19773409452943e-13
"Bwd.IAT.Mean",0.14570888242063,-0.251724768552233,0.00562358362347255,0.00346573861409833,0.0750558531212584,-0.0924810944184365,-0.00353405486769275,-0.200251384099561,-0.388898914877002,-0.00656125803913854,0.0259338588735417,0.0214548460701059,0.0798817322847962,-0.105433953741766,-0.0124889176529326,-0.0371521686139943,0.0224684995322501,-0.0385229186601945,-0.0450504254425155,0.0429287957622215,0.0181635200910637,-0.0311750580315877,0.0127874385429578,0.0140181809207965,-0.0168314250088031,-0.00411817060133352,-0.050899733885027,0.142213612614542,0.10086470367549,0.115811903722756,-0.245940077755318,-0.396779093107457,-0.0905856421565666,0.116499519652189,-0.0748223655850191,-0.055586550802512,-0.110503950314359,-0.153200871653825,0.144341295295554,0.460678540974373,0.0107697236583811,0.270208491150861,0.198202010295498,0.0153542249158137,-0.00712970120025376,0.0155984514486588,0.0728980672979908,0.000204691321357373,6.51564382979824e-13
"Bwd.IAT.Std",0.18399799131223,-0.209946056998755,0.0225702527810831,0.0151655240366968,0.0740552796628006,-0.170899415429962,-0.0577027591603687,0.180853943712146,0.199952459279459,0.115325205687136,-0.090057214028204,-0.0281061799949687,0.0728204031749889,-0.058686767978864,0.00686735817324846,0.0313061457852081,0.0141107186807624,-0.252402598860904,-0.145435446069165,0.181046468950352,-0.0232691592247989,-0.0655733177257299,-0.131615961214112,0.0730383249563795,0.147467800308324,-0.106051736644317,0.112630379624087,0.103754234319424,0.0886110980724128,0.107893299734578,-0.267842447908581,-0.39051174286365,-0.00115283622136109,0.123835880863981,-0.0627269765258509,-0.0218964933538485,-0.17355123549612,0.0538627778901433,-0.124908992504732,-0.357499119822463,-0.142345396822466,-0.254826356225281,-0.19298101053868,-0.0248786964870293,-0.0103023173922126,-0.0227143104823873,-0.115111062106884,0.00468668883870705,-3.88453793030346e-13
"Bwd.IAT.Max",0.21187768530727,-0.229734525230624,0.0254319695737831,-0.00804362964615746,0.119416718557284,-0.169965101200976,-0.0418446831893828,0.052430753819656,0.1167345242322,0.00360460595922176,-0.0359683579622207,0.0244472613386011,-0.00270954548873198,-0.10593817829954,0.0152613248688392,-0.000919222364244798,-0.0424449327354489,-0.163550124032358,0.0400944933415704,0.0437479399622958,0.0307298176593355,0.0499290269094282,0.0372249203056199,0.0316279099487425,0.00859388083288123,-0.114746681154354,0.16257588586287,0.0203023424244767,0.0744495275609703,0.17874550451734,-0.278765178114925,0.478290207015511,0.158701351646115,-0.108424424681859,0.00715147326974457,0.0248900987232073,0.0126103359057991,0.0642539152703192,-0.0529379552545859,-0.0982006441422879,0.491500316790201,0.255515984082052,0.181368062114244,0.0495814398304311,0.0151401734124864,0.00823961198249661,0.0904054034024923,-0.00133575207587775,5.14374035464497e-13
"Bwd.IAT.Min",0.0596254677019756,-0.170007761719181,-0.00267646466147185,-0.0119355753781662,0.0619310927994694,-0.00391393445496759,0.0378552110452915,-0.375124375207998,-0.536301234307765,-0.120854588233666,0.100295953806451,0.0552271038926949,0.0227381015284958,-0.10401805291731,-0.004197697721845,-0.0720710177443656,0.00964420506661876,0.12399035514483,0.06403145766663,-0.0733521319137338,0.0375363431282878,0.0264608062537484,0.129226354903602,-0.0273914626048303,-0.122274178794663,0.0583617058868506,-0.148586582635023,0.0979428890634145,0.0484181059029803,0.106560754541543,-0.107792546518005,0.20750401752356,0.0483638248197698,-0.135277795267429,-0.0179157346154562,0.0289054153866103,-0.0913226402205801,0.0704710651516293,-0.127627478488152,-0.383318735742494,-0.100106385816669,-0.268134659146317,-0.198865413640166,-0.0202105188459363,-0.0018089106920712,-0.0169415513310664,-0.0781549019886437,0.00124348607036841,-5.29487600561338e-13
"Fwd.PSH.Flags",0.00365015339585477,-0.0258071741888373,-0.292007836478286,-0.00290178453975464,0.0374259876561034,-0.0886781104178132,0.00710167178362496,-0.25965124492032,-0.0771605202978803,-0.0966830728902753,-0.185913786637357,-0.0818716679831579,-0.131424201846236,0.365545046093746,-0.0382409857420462,0.106855781592968,0.0589322468888563,0.00533012037681757,0.30451027702811,-0.0022656014030247,-0.172672107736324,0.170588204390448,-0.353393945503418,0.226783129612109,0.447725722842755,-0.146438478954363,-0.0992911425732195,-0.0396978394235779,0.0333544726154853,-0.179730934795423,-0.0919517034958296,0.0507160787854446,0.0469800111656357,0.0164975368320612,-0.0608520380781609,-0.0252448778979972,0.00903525302422198,0.0243504958833365,0.00315629065191177,0.0120362562897688,0.00745761933844219,0.000397329427726288,-0.000518501537842969,0.00269490523290168,0.00221058706844126,-0.00020662982878511,0.00115878498368496,7.86430312720975e-05,-1.3312599757445e-12
"Fwd.Pkts.s",-0.0186984334076527,-0.00446161195437297,-0.176926953713569,-0.000369449989520396,0.00603482599093406,-0.126066152810684,0.491291303633439,0.144166952794907,-0.00586028231993584,0.0291036402722768,0.133597962265894,0.0484211976818748,0.0787150860065254,-0.198331546153687,0.0106792671094647,-0.168492665172369,-0.0268511048029352,-0.0127988642326956,-0.10786707704195,-0.348562561741185,-0.137929130370321,0.0730046937083925,-0.0957561349416296,0.0535804520478974,0.145084601452523,0.0675887808997224,0.023402602757868,0.014227238395273,0.0251552618210846,-0.0079682881433347,0.00552717144799095,0.00631639022462097,0.00368357319626646,0.00134189723266104,-0.00316797928000108,-0.00113562261273365,0.000203660670462555,-3.01476721778909e-05,0.00146949189876453,0.000892374309640301,0.000812351677222628,7.59871884002125e-05,0.000150370767825689,-5.98970576363451e-05,-8.10656458954517e-05,-7.37385501520423e-05,-3.80618047199771e-05,0.000126502022815818,-0.630525123489187
"Bwd.Pkts.s",-0.0195638365160489,-9.17534601489589e-05,-0.201792089657901,-0.00243506936770187,0.0235911851533744,-0.113329876553007,0.358948586649208,0.0120240017646538,0.0079859168820678,0.0430228350351632,-0.0179412918866325,-0.029797510902889,-0.0352665528026099,0.130165022578007,-0.0291285689374521,0.254822986043245,0.0213706716038422,0.0693813988864507,0.234064412153476,0.575670258267634,0.334520304317932,-0.12588999973716,0.319611328829507,-0.0358597277320531,0.029435451646333,0.221368696805302,0.0419466473453338,0.00714184287916342,-0.0551227233456709,-0.0107182836432621,-0.0267934344328958,-0.00534633735773038,-0.0130870121215636,-0.000509011843628643,-0.00113410022327359,0.00563062799758157,-0.00213369364233876,0.00239031802883641,0.00297936511840233,-0.000164782737294145,-0.000976357599327973,-0.00169538954974814,-0.000394887642483729,-0.000105793413588405,0.00049869874729079,0.00014039062152018,0.000232001510704016,0.000360270273539828,-0.225735656249485
"Pkt.Len.Min",-0.0143330249953315,-0.045022380215227,-0.110199789337877,0.00416395860160121,-0.0973092452789274,0.196032055062381,-0.0661032191288157,0.0429425348678873,0.106434943849253,-0.141889641234797,0.241372365889465,-0.0208169715622339,0.50591530829888,-0.33723896948473,-0.357470432528783,0.175245628523938,0.138226373725999,-0.0326372976388766,0.437437918183993,0.0524726230031071,-0.035313746775933,-0.0846696984948374,-0.172278444566472,-0.00529298706790174,-0.0579493705701211,-0.113594077852189,-0.0557202753679341,-0.00656135598291965,0.0854861147615844,-0.00212191486264307,0.0684158617939324,-0.00961343748983104,0.0775213645996799,0.0266641153312851,-0.103297107628411,0.0253826231469628,0.0175157266746423,-0.00966982030506738,0.0548283125178668,-0.0519204200923428,-0.0307648959471772,0.056373471682199,-0.000993703060909831,0.0131716490327407,0.0226914955001837,0.00694635719418893,-0.00352173411669708,0.0159842879947126,-4.63401451166254e-13
"Pkt.Len.Max",0.265974754516137,0.180304675125975,-0.049360898625459,0.0213677279308129,0.0936746788825989,0.0874716213973913,-0.0186599873374892,0.134590914414803,-0.111494417260305,0.0238681176363943,0.00722537152525394,-0.0217928988025679,0.0437310210151991,0.0238284667737902,-0.0119335052200429,-0.0564310201621432,0.0716483907498248,0.0155235842315015,0.0180343567562651,0.104716993575572,-0.177921086175591,0.0621021290910349,-0.00232867663515335,-0.0311549052872028,-0.029266455866035,0.089809143876075,0.0319279125433472,-0.150457008804797,0.0276461759080461,0.00345948863488614,-0.0325164756854289,0.094376081882846,-0.280884139780412,-0.0404627833671255,-0.0524335813326706,-0.352621959480989,-0.0439578109859618,0.0947944483333399,0.0283548951215594,-0.1625999755788,-0.134382667748577,0.238843684243637,0.0600763706384955,-0.362886710688968,-0.522417965921512,-0.107221612186194,0.0477299756108903,-0.0165950838636455,6.16931047757617e-12
"Pkt.Len.Mean",0.20604207614849,0.172607614877089,-0.135052741236593,-0.0419124845320859,0.16693168735843,0.142429797880616,-0.020192028526913,-0.0781298207254156,0.118764242039565,-0.215196972554183,-0.00797659503310653,0.0791182159261814,-0.0502407937196547,-0.137685245455211,0.0634025072634019,-0.00951966063216653,-0.145037734477715,0.0195939869760632,0.0351135708330355,-0.0786965201558345,0.237620045693642,-0.054377670868308,0.0161868630215308,0.0625134004820634,0.0867122156020963,-0.14014447412565,0.0246372425599211,0.197447754044789,-0.0190457969188109,-0.0054764773753699,0.0189340453293608,-0.0309701503540665,-0.196453081742332,-0.00672562105467234,0.132325319338967,0.00257264556878034,-0.0153973027492567,0.00199360125211495,-0.0117971842443063,0.103944577719905,0.117593913458556,-0.189100586082609,-0.0143436442053829,-0.061343921866319,-0.0821863355440892,-0.0454009907110297,0.0327501767297976,0.684893809650159,8.20822218836039e-13
"Pkt.Len.Std",0.250403438317092,0.201254033457364,-0.0811775830204909,-0.00512192194910744,0.166843962614991,0.11531208868667,-0.0136988862570923,0.0418200063191612,-0.0277847393304325,-0.0794323386793956,-0.00784729870094799,0.0184602638602286,-0.0204197610799579,-0.015537259140022,0.0611335611771092,-0.0633021257185804,-0.0383617584860341,0.0288809636458863,-0.0379500624064158,0.0505302252478443,0.00895159246972114,0.0275660562127341,-0.0133733115074666,0.00978842721340645,0.0416401662581316,0.0205465307434328,-0.0219537666738696,0.0259331126798341,-0.0115940946573622,-0.034256101991189,-0.0495140296725879,-0.019364386732376,-0.0357476194803454,-0.0203270703344201,0.145961704729698,0.339889262892436,0.0159419931693215,-0.0183712661432753,-0.0625373828656322,-0.26374068249826,-0.383406563059019,0.557084272334511,0.00340028836387702,0.22469762004802,0.286864848062599,0.099963056594841,-0.048603068115634,0.0359184515698491,-2.18929906894722e-12
"Pkt.Len.Var",0.226462893942943,0.182885424813164,-0.124739644967198,-0.000807179921306764,0.14418764988857,0.131585274192125,-0.0315000113602616,0.102002429358724,-0.0855715408837205,-0.141675340843949,-0.0540785382953805,0.0243301589087921,0.00788497182747866,0.0069595019511568,0.0684790470068075,-0.0801972169308199,-0.0806552635979067,-0.00716002703622451,-0.0706946760755645,0.0399993992840571,-0.0215558915682802,-0.0130802300797053,0.111581374934913,8.54544367080434e-05,0.00883252130585768,0.0507977285107957,-0.055879236902565,0.0452788736822508,0.0131538224109823,-0.0452824438205983,0.129830730429682,-0.147369105248338,0.786288452041354,0.0417040572787118,-0.161027810864134,-0.285938163783686,0.0317944819033412,0.0459225848659706,-0.000379266803701872,0.032323260004739,0.0298289022619173,-0.0176746951056225,0.0110984393454831,0.00431372937929851,0.00193752060354193,0.000278884563529053,0.000454465246062297,-0.00148872949966274,-1.26579212794135e-13
"FIN.Flag.Cnt",0.171630200858829,0.120731790356279,0.116004980004126,0.0169215892698062,-0.078170332781555,0.0359946826200761,0.12284848089983,-0.193568148436316,0.18301766217213,0.0150869970337112,0.122465041704712,-0.0398884893706572,0.0700057217547817,0.204971273828416,-0.0777101380174961,0.00867831236889189,0.220809920226003,0.442892180572696,-0.158693089700451,-0.155496157038702,0.134494774572296,-0.369913721934102,-0.0765106986477261,-0.0244631607240522,0.0649613694879127,-0.0759959625205435,0.0126043052755834,-0.234095353670543,0.106699137453737,0.15196101254931,-0.315309062471079,-0.145745746439855,0.0704825178550499,-0.185653599400776,-0.0425637200326928,-0.027983944124703,0.210667634403796,0.106290294329774,-0.00993438361550968,-0.0254942802856783,0.0646734043662262,0.0108853263445142,0.0149819448613983,0.00682835567599628,0.00127572053367865,-0.0024812945308175,-0.01145439648364,-0.00220246463027412,-2.06048963698538e-13
"SYN.Flag.Cnt",0.125147711568064,0.0466547453957186,0.0644555782534284,0.0769455180017962,-0.396205110287009,-0.0581683331569556,0.00923330092940913,0.0136948793378841,-0.0104306651797175,-0.031804221435825,-0.156108994284655,0.0880652538044524,-0.0583630438676435,-0.159728436510583,0.100969401955514,-0.00126540488824215,-0.268360913742182,0.0776788004155488,0.00655685638038447,0.0827477343008904,0.162089526817525,0.111140014883652,-0.170028949802963,-0.079497647768646,-0.0747157089457234,0.136417869528853,0.018671374987086,-0.0050792154665784,0.619689639244424,-0.367364299166431,-0.058627950267044,0.00652274852107116,-0.0277110041519969,-0.0954214488913225,-0.132331391468998,0.0177296692698278,0.0706530319691603,-0.00266143808314763,0.014509124175104,-0.0143027839675204,-0.000417837193991674,-0.00858573491576005,-0.00354433298154136,0.00406720957684244,0.00628044981657992,0.00262420425195221,0.00351674667961127,0.000320829450740296,-1.45834754862462e-12
"RST.Flag.Cnt",0.0902055503329222,0.0192521909513485,-0.203715027749915,0.0252365273084622,-0.0280396646498545,-0.0895301637182963,-0.0624963541980251,0.22204621286053,-0.161255080849716,0.0719027548709913,-0.133859180098647,0.0431805390599863,-0.352265406250609,-0.0197643065451162,-0.0331762458306826,0.00430129738490249,0.407409168602012,-0.294613935368582,0.211526889363487,-0.298418544712754,0.334294259803062,-0.27013697848896,-0.218053931250372,-0.156182835467949,-0.220846894646981,0.0805122023241658,-0.0774218594860675,-0.0595201743945243,-0.0201074895598465,-0.0136413645999035,0.00632980448759665,-0.018230597317785,0.021784565834317,-0.0146740399292018,0.0146124076010306,-0.00298007589133839,0.00460674292246122,-0.0169777376437806,-0.0127605221469593,-0.0176430121851041,-0.0068799648323506,0.00494388323420866,-0.00187247584991692,0.00302263447292447,0.00171223427509416,0.000577647416037684,-0.00163518420838436,-0.00108493762667108,-2.41216443520875e-13
"PSH.Flag.Cnt",0.0302295053203138,0.0175322927503484,0.00563762466273004,-0.183762868296266,-0.0338867827380464,-0.00902286127095943,0.00542282130795988,-0.019549437320829,0.024425918656825,0.024053382904805,-0.00482008038802948,0.573569663145418,-0.217482652109464,0.0882694152489284,-0.679849164576312,-0.117385760368461,-0.0934108587047161,-0.0319810710823644,-0.122997844514419,0.0932159281995875,-0.06618953013023,0.0357802563048417,0.0288828283362118,-0.20480432987827,0.111399328768527,-0.0301464653334457,-0.0372368742028481,0.0317998296626458,-0.00491374084169871,0.00537479706401185,0.000530664556108295,-0.00402132578384026,0.00283269197072078,0.00283183774173882,0.0017951392676036,0.00498834733754796,-0.00319269643595311,0.00104061616380945,0.00237788554327576,-0.00226268845687528,0.00277691379754851,0.00012029994966132,-0.000570904491548722,0.0103138602523963,-0.0227636480263741,0.0591487482274126,-0.0100555565619963,0.00102007054284633,4.05795189117875e-15
"Down.Up.Ratio",-0.0283435292689244,0.0671613673430397,0.0445434546479391,-0.0589563685810832,0.286329808127277,0.00848256794698491,0.037647936680799,-0.220706291766351,0.171927809904961,0.166701449325319,-0.157636230397793,0.107134407130447,-0.157280514444745,-0.343344194320495,0.0546745534960186,0.495371344883427,-0.151348221525191,-0.0753746648522613,0.0370233454445312,-0.14106128711971,-0.177905789963971,0.00969971412524099,0.0813170369016484,-0.0354726137736056,-0.0228361342393403,0.142917189852734,-0.332080347549546,-0.357940452249935,0.0651123699905799,0.0600119834298323,-0.0818066806850225,-0.0818574540870913,0.0164970820169842,-0.00866836148154009,-0.00202462532223878,-0.0319727547997922,-0.0122044114833151,-0.00201664660238518,-0.0224617401033206,0.00192221154893143,-0.00839494159642115,0.00242680477693448,0.00653675265092686,0.0120571222096778,0.00177956632075765,-0.000758426775658103,-0.000417754501059648,0.00242687207118343,1.33105765992569e-13
"Bwd.Pkts.b.Avg",0.032555329837774,0.0243029063927258,-0.000536505668102023,-0.396220654360522,-0.0675688745314405,-0.00928787100415034,-0.00212123110849538,0.00428357834873827,-0.00450530522412523,0.0231290090130019,0.0120033699289191,0.245110460524396,0.041105952482575,0.0659042187210272,0.00402983568489178,0.0165678882475103,0.0300312977799645,-0.0201823854021128,-0.032446329647804,0.0273817769834597,0.0174037917966906,-0.0557855019767467,-0.0767846133483295,0.779004324051354,-0.337931205623991,0.164771513574269,0.0545865333027202,-0.0651801959257568,-0.00192554735632053,-0.0112553445835429,0.00613357958027923,-0.00172081136856245,0.00619998290083423,-0.000364046164440194,0.00426209253729914,0.00695141056786309,0.00362906474869847,-0.00134422264172168,-0.00113835381855051,-5.09883273643874e-05,-0.00143766008456059,-0.000219403534948651,0.000665640612299042,0.000274559954644038,0.00974483962734653,-0.0359931561994195,0.00705635574336561,-0.000853144170452257,2.63348370888039e-14
"Bwd.Blk.Rate.Avg",0.0754763551619697,0.0120680026578472,-0.0205348576873564,0.0271697920860313,-0.0388186908533901,-0.0204489487119193,-0.0450416354812321,0.291632462657568,-0.300792857665506,0.14520144007279,-0.14314000733963,-0.0593543884775601,0.321519173564466,0.310907525812247,-0.176377081207822,0.352920144280275,-0.490620912918175,-0.0180459500376314,-0.028659471741539,-0.323611947237899,0.1436409048653,-0.140694515876389,0.0732179182565232,0.0147680489031362,0.0219831084404645,-0.0676485129479153,0.00845515317414586,-0.0133957679906829,-0.0827913150649678,-0.00919072840724286,-0.0548842395375737,0.0433763870354529,-0.0354584594840994,-0.00504788651187683,0.0296292566212835,0.0161299073219594,-0.00100269140237773,0.0127714641662817,-0.00725715677144949,-0.0157364094333616,-0.00989295588654536,-0.00179223130079444,-0.000393772050069054,0.0019822771341921,0.00076013094830005,0.000180906865826122,-0.001242235814277,0.000401047707723115,-2.63545153582345e-14
"Subflow.Fwd.Pkts",-0.0750653930556136,-0.10645474416024,-0.0450806215837081,0.0292249082913576,-0.299817486099364,0.109681755391868,0.0274405898462581,0.167957672068256,0.0109946872915138,-0.449433505359958,-0.147244668751555,0.0888588277987358,0.0227719785966851,-0.0685688204763629,0.106999853971214,-0.208989776973087,-0.119543580395399,-0.114771876999526,0.0138714930037973,0.0603567984410089,0.0192425452637839,0.00102103112202466,0.125297824473902,0.0102710470926853,0.0155994556037606,-0.0423179062707933,-0.275916559544089,-0.366869686350135,-0.362094257649977,-0.0557385598663342,-0.377973612504859,-0.052268039422615,-0.057044323990988,-0.0103933286837359,-0.0943363473682549,0.0191001983801648,0.0201140540494663,0.0524866181711664,0.028563346727721,0.000882872615620365,0.00842771551661099,-0.0170460506593184,0.000828826004873868,0.00712305787510165,0.0103556021791031,0.000640763506087379,0.00342698677898822,0.00681658806162425,-1.52834364088028e-12
"Subflow.Fwd.Byts",0.0356693567277138,0.0035696720814264,-0.42177411008206,0.00932022590929644,-0.0709522087531535,0.0229814397853787,-0.235756791707988,-0.102651718036574,0.0950543858757206,0.0302873808854095,0.0583953728718453,0.012626244992198,0.145386813356209,-0.0783569191394472,-0.0129826645412993,-0.0502688055940087,-0.0100371951168859,0.0178833956596675,-0.0884903007410242,-0.0131343174648718,-0.00538535610135353,-0.0221025076278938,0.0651421371799727,-0.03667107506,0.00976252803202256,0.149152181100692,0.0239341630639706,0.00803799204468987,0.0217697268713604,-0.159231089743755,-0.151408243817163,-0.0156463498929876,-0.00950815834534523,-0.0566220353278873,0.571336880657772,-0.139873286849059,-0.0780382261246973,0.107285378080588,-0.378243311822324,0.194224470642416,0.0227874113122343,-0.0733501341697147,0.00463740810015685,0.0259315484816195,-0.00535667441576708,0.00785701082060497,-0.00544519072822726,-0.254285403663634,1.09386910879077e-12
"Subflow.Bwd.Byts",0.19390384327829,0.175721226002248,0.0663761054375062,-0.049406682720127,0.217201154670295,0.14342171706348,0.0842123003470907,-0.00741490568611757,0.0676513489843657,-0.224782878912707,-0.010629336475453,0.0816283485461792,-0.0988907192906617,-0.12474035416242,0.0690663918869674,0.00347552028047123,-0.154633753964517,0.0303813975268807,0.101888627168186,-0.0492382612037483,0.261003627313972,-0.0253574278119389,-0.0547939228089268,0.0780351642089263,0.0848919013234599,-0.213792745967383,-0.0157073568784158,0.186546591699774,-0.041285580244681,0.0496143977779251,0.066049529473049,-0.040931443340882,-0.17359403450652,0.0163713416367273,-0.0587179804281246,0.099665997931805,0.0176307368965404,-0.0367058995551546,0.0501522254500318,0.0398224792213492,0.0945058633322188,-0.144391216866922,0.00537071297297687,-0.0693626894407257,-0.0727162231549646,-0.0116902773662755,-0.00313996426402464,-0.674182220904864,7.75708490496907e-13
"Init.Fwd.Win.Byts",0.165391920225493,0.113425186489968,0.0655173560775175,0.0359183655204559,-0.120352077480854,0.0072156171033363,0.0579217774967763,-0.135505412069555,0.0292595939063557,0.0829193418414787,0.143412247809389,-0.117046366609359,0.140128987416263,0.0656682159172419,-0.136672025490045,0.109467671077296,0.26724367033539,-0.284525086382117,-0.266151711319928,-0.0688896803251477,0.407081416481045,0.549600856042954,0.169690888920847,0.0904408004024845,0.0520620383416101,-0.144939454268965,-0.193691110526334,-0.143680611369046,0.0127033030695076,-0.0631597072750496,0.0414902713323744,-0.00123073635835363,0.0169509537406183,0.0140921479836353,-0.00106885257469874,-0.0156129887737179,-0.00792488785979883,-0.00689792844903518,-0.00081110019588783,0.00143086269450278,-0.00247899262148456,-0.00225069380993788,-0.00238230763552096,-0.00269587672835744,-0.00263956665927484,-0.000540848960450484,0.000703031765598492,7.15048522542637e-05,-3.05934856441314e-13
"Init.Bwd.Win.Byts",0.0877397121736121,0.0471492961244797,0.0603196873295312,-0.00938819988527264,-0.025460811966097,-0.0025772092813032,0.0553744387825053,-0.225323821745392,0.0985251611650184,-0.0297216054033578,0.56121505376394,-0.1475664116594,-0.121340604135836,0.262877016665476,0.0297267117319752,-0.13711341845451,-0.379828913704844,-0.46651792636598,0.125426431255887,0.0228514485445933,-0.0284357500205078,-0.178905241233414,-0.124828624538157,-0.0716794693400227,-0.0790464264712661,0.142726657716461,-0.057077643633101,-0.116541425087682,0.0473880054951797,0.0407544369088847,0.00747490652499043,-0.0362032822486288,0.00596542367174797,-0.00794071133904709,0.0100693514375173,-0.0178193553103639,0.000397494146396361,-0.00602347534377194,-0.00312212798720555,-0.00331206572383179,-0.000212513272525498,0.00215894001927673,0.00169125369502519,-0.000770030302765829,-0.00170442817758429,-0.000174342796951996,0.000375928727334248,0.00167850094618309,2.08387994360404e-13
"Fwd.Seg.Size.Min",0.145532416338086,0.0624196455562678,-0.0746232105434779,0.0849487535331404,-0.398656487288493,-0.0720904253520315,0.00675501541342671,-0.0674331830767776,-0.0329904770159928,-0.073617025093303,-0.178269289241204,0.0236564657754481,-0.0204738433591015,-0.050435728492261,0.0371852132329575,0.0368787945316826,-0.110147941692198,0.0386630744549511,0.0433281058561908,0.0642970134766142,0.0123868664773235,0.122172604603903,-0.177208867625735,0.00895574319137193,0.0815210816350458,0.0876784768114847,0.0321755295919974,-0.113383660149411,-0.0160594058113378,0.717104788256711,0.304707212488323,-0.0628605703590138,0.0424719137670432,-2.5280224699335e-05,0.191892637157701,0.00596901781254862,-0.0203072453052177,-0.0538111716631575,-0.0242358720446022,-0.00778240671883026,-0.00693716817524952,0.0130825050061776,0.00976227915635641,-0.00879114792046986,-0.0114599928509442,-0.00185953867807313,0.00177333418078262,-0.000289535355690627,3.47151604337959e-12
"Idle.Mean",0.242584431911645,0.0943176842283563,0.136083724601157,0.0598792559932027,-0.223026746102409,-0.0526604232787163,0.0801499259630336,-0.163373608142407,0.0286385116199348,0.0827803938399782,-0.00789026834650003,0.0146314343043307,-0.0363872258712904,-0.0959341177832592,0.0051134369101248,0.161175381015411,0.0109989547325507,0.0209910232937623,0.0120383229119552,-0.0183072863923976,-0.0790459845247466,0.00447984641792905,-0.136381770779856,-0.0600018036646414,-0.0850110857719594,0.0841997895555248,0.1107122641631,0.177695287986604,-0.358435997765939,-0.135871305662247,-0.0293692774086575,0.0565343560311757,0.0502047218555265,0.100838518860122,-0.108292012073096,0.116784626660643,-0.277901200006446,0.627935952960817,0.063089966945387,0.158610577147309,-0.0445307630842237,0.00860668376263373,0.0108431688445163,0.0138811479978716,0.0154455864895408,0.00746996750243643,-9.13393960068135e-05,0.00110376017944865,-3.01977334197373e-12
"Idle.Std",0.00436797953059512,-0.057090463403286,-0.038286615434371,0.0205033818387594,-0.120466620103165,-0.0249257661089778,-0.0791547779799724,0.224961677553744,-0.121567446771309,-0.365459519221479,0.432480557306687,0.0342409273154423,-0.303128238292614,-0.0377684121684245,0.0439057868015612,0.547962359594856,0.0815432917380845,0.111364487862864,-0.250385067332503,0.0256441021833985,-0.114303581918231,0.0868956524392723,-0.108464336600021,-0.00577521544027176,0.0346088731796974,0.021915692016513,0.138709734974806,0.0887783928912273,-0.0649328275325873,-0.028825674478471,-0.0924639060702604,0.0156647127605827,0.021586553388087,-0.019739132270713,0.0296484141432817,-0.0525170412776496,0.0419075310377185,-0.161352027790069,-0.0186720844585628,-0.0252568603158237,-0.00180878780918277,-0.00334553783257843,-0.00243588941212471,-0.00271112767484501,-0.00349298648449642,-0.000176378925164807,0.00243707422448207,-9.50180571156825e-05,3.15035757897375e-13
"Idle.Min",0.221378215717188,0.111326741419687,0.146784598551492,0.0512771796157075,-0.186851309022907,-0.0306649139633276,0.110248699841174,-0.236619444600288,0.0741034903849962,0.157232876863233,-0.142799082962735,0.00444080475923217,0.0839381473574731,-0.0834899603755532,-0.0137883133759678,0.0161065715926683,-0.0109462956649173,-0.0219465239189809,0.0547042689657114,-0.0062545440129893,-0.0648730032121408,-0.0298992649469276,-0.118278294006235,-0.0544965208318289,-0.0732433466003592,0.0802448801375932,0.0694429832821544,0.183840502261456,-0.404252137770859,-0.19861500382774,-0.147456792107376,0.0658290325473127,0.0648467817405261,0.0490007745705571,0.0532638866491474,-0.152606117835755,0.139637600829084,-0.607836590116292,-0.0570314866595688,-0.119358793414662,0.0124734187686448,-0.0153439070433251,-0.0149397189092608,-0.0142088392093601,-0.0149977079223531,-0.00164819573979318,0.00569627396760915,-0.00077738136133296,1.01322929538759e-12
